{
  "openapi": "3.0.1",
  "info": {
    "title": "Inventory Management",
    "version": "v1"
  },
  "servers": [
    {
      "url": "https://apiapp-inventorymanagement.azurewebsites.net"
    }
  ],
  "paths": {
    "/api/WarehouseLocations": {
      "get": {
        "tags": [
          "WarehouseLocations"
        ],
        "responses": {
          "200": {
            "description": "Success",
            "content": {
              "text/plain": {
                "schema": {
                  "type": "array",
                  "items": {
                    "$ref": "#/components/schemas/WarehouseCity"
                  }
                }
              },
              "application/json": {
                "schema": {
                  "type": "array",
                  "items": {
                    "$ref": "#/components/schemas/WarehouseCity"
                  }
                }
              },
              "text/json": {
                "schema": {
                  "type": "array",
                  "items": {
                    "$ref": "#/components/schemas/WarehouseCity"
                  }
                }
              }
            }
          }
        }
      }
    }
  },
  "components": {
    "schemas": {
      "WarehouseCity": {
        "type": "object",
        "properties": {
          "cityName": {
            "type": "string",
            "nullable": true
          }
        },
        "additionalProperties": false
      }
    }
  }
}